cluster,cell_type
0,Bipolar_cells_1
1,Rods
2,Rods
3,Rods
4,Bipolar_cells_2
5,Rods
6,Glycinergic_amacrine_cells
7,Cones
8,Amacrine_cells
9,Bipolar_cells_2
10,Rods
11,Muller_glia
12,Bipolar_cells_1
13,Bipolar_cells_2
14,Muller_glia
15,Cones
16,Bipolar_cells_1
17,Rods
18,Early_rods
19,Rods
20,Rods
21,Bipolar_cells_2
22,Neuronal_progenitor_cells
23,Glycinergic_amacrine_cells
24,Bipolar_cells_2
25,Bipolar_cells_1
26,Rods
27,Rods
28,Early_muller_glia
29,Rods
30,Bipolar_cells_1
31,Bipolar_cells_2
32,Bipolar_cells_1
33,Muller_glia
34,Rods
35,Rods
36,Rods
37,Rods
38,Muller_glia
39,Retinal_ganglion_cells
40,Amacrine_cells
41,Early_bipolar_cells
42,Rods
43,Muller_glia
44,Immune_cells
45,Early_amacrine_cells
46,Bipolar_cells_1
47,Pericytes
48,Opticin_cells
49,Rods
50,Amacrine_cells
51,Endothelial_cells
52,Activated_muller_glia
53,Early_muller_glia
54,Rods
55,Horizontal_cells
56,Bipolar_cells_1
57,Cholinergic_amacrine_cells
58,Astrocytes
59,Contaminant
